C,D,M,N,T,bnbcnt,formulation,mipgap,objbnd,objval,objval_LP,runtime,seed,timelimit
2,5,5,2,1,21,TEOM,0.0,274.80060101627583,274.80060101627623,222.82445221849656,0.579787015914917,1,300
2,5,5,2,1,31,TEOR,8.698348060075654e-5,274.7766979035287,274.8006010162763,268.8351732544534,0.33777284622192383,1,300
2,5,5,2,1,48,TEOC,0.0,274.800601016276,274.800601016276,270.7188765726065,0.31925296783447266,1,300
2,5,5,2,1,1406,DCC,0.0,274.800601016276,274.800601016276,270.7188765726065,0.2912008762359619,1,300
2,5,5,2,1,1173,DLog,0.0,274.80060045468525,274.80060045468525,270.7188765726065,0.4460940361022949,1,300
2,5,5,2,1,448,MC,0.0,274.800601016276,274.800601016276,270.7188765726065,0.24727606773376465,1,300
