check_feasibility,dataset,formulation,mipgap,nodecnt,num_binary,num_constrs,num_trees,num_vars,objbound,objval,objval_LP,time_limit_sec,time_solve
true,dataset/concrete_bt/,TEOM,0.0,0,122,1140,10,292,60.30110116504851,60.30110116504851,60.30110116504851,300,0.006510019302368164
true,dataset/concrete_bt/,TEOR,0.0,0,122,1130,10,292,60.30110116504851,60.30110116504851,60.30110116504851,300,0.006566047668457031
true,dataset/concrete_bt/,TEOC,0.0,0,122,1182,10,292,60.30110116504851,60.30110116504851,60.30110116504851,300,0.008598089218139648
